id,ingredient_name,category_id,category_name,taxonomy
1,crab,101,fish-seafood,kafoodle-pantry:fish-seafood:crustaceans
2,lobsters,101,fish-seafood,kafoodle-pantry:fish-seafood:crustaceans
3,gambas,101,fish-seafood,kafoodle-pantry:fish-seafood:crustaceans:shrimps
4,prawns,101,fish-seafood,kafoodle-pantry:fish-seafood:crustaceans:shrimps
5,shrimp-skewers,101,fish-seafood,kafoodle-pantry:fish-seafood:crustaceans:shrimps
6,jumbo-shrimps,101,fish-seafood,kafoodle-pantry:fish-seafood:crustaceans:shrimps
7,shrimps-tails,101,fish-seafood,kafoodle-pantry:fish-seafood:crustaceans:shrimps
8,spider-crab,101,fish-seafood,kafoodle-pantry:fish-seafood:crustaceans
9,spiny-lobsters,101,fish-seafood,kafoodle-pantry:fish-seafood:crustaceans
10,anchovy,101,fish-seafood,kafoodle-pantry:fish-seafood:fishes
11,anglers,101,fish-seafood,kafoodle-pantry:fish-seafood:fishes
12,bass,101,fish-seafood,kafoodle-pantry:fish-seafood:fishes
13,breams,101,fish-seafood,kafoodle-pantry:fish-seafood:fishes
14,cod-fillets,101,fish-seafood,kafoodle-pantry:fish-seafood:fishes:cods
15,cod-livers,101,fish-seafood,kafoodle-pantry:fish-seafood:fishes:cods
16,canned-herrings,101,fish-seafood,kafoodle-pantry:fish-seafood:fishes:herring
17,pacific-herring,101,fish-seafood,kafoodle-pantry:fish-seafood:fishes:herring
18,pickled-herring,101,fish-seafood,kafoodle-pantry:fish-seafood:fishes:herring
19,smoked-herrings,101,fish-seafood,kafoodle-pantry:fish-seafood:fishes:herring
20,mackerel-fillets-in-escabeche,101,fish-seafood,kafoodle-pantry:fish-seafood:fishes:mackerels:mackerels-fillets
21,mackerel-fillets-in-mustard-sauce,101,fish-seafood,kafoodle-pantry:fish-seafood:fishes:mackerels:mackerels-fillets
22,mackerel-fillets-in-oil,101,fish-seafood,kafoodle-pantry:fish-seafood:fishes:mackerels:mackerels-fillets
23,mackerel-fillets-in-white-wine-and-herbs,101,fish-seafood,kafoodle-pantry:fish-seafood:fishes:mackerels:mackerels-fillets
24,mackerels-fillets-with-olives-and-lemon,101,fish-seafood,kafoodle-pantry:fish-seafood:fishes:mackerels:mackerels-fillets
25,mackerels-fillets-with-tomato-and-basilisk,101,fish-seafood,kafoodle-pantry:fish-seafood:fishes:mackerels:mackerels-fillets
26,plain-mackerels-fillets,101,fish-seafood,kafoodle-pantry:fish-seafood:fishes:mackerels:mackerels-fillets
27,tinned-mackerels,101,fish-seafood,kafoodle-pantry:fish-seafood:fishes:mackerels
28,pollock-fillets,101,fish-seafood,kafoodle-pantry:fish-seafood:fishes:pollocks
29,canned-salmons,101,fish-seafood,kafoodle-pantry:fish-seafood:fishes:salmons
30,salmon-fillets,101,fish-seafood,kafoodle-pantry:fish-seafood:fishes:salmons
31,salmons-from-farming,101,fish-seafood,kafoodle-pantry:fish-seafood:fishes:salmons
32,smoked-salmons-from-farming,101,fish-seafood,kafoodle-pantry:fish-seafood:fishes:salmons:smoked-salmons
33,wild-smoked-salmons,101,fish-seafood,kafoodle-pantry:fish-seafood:fishes:salmons:smoked-salmons
34,sardines-in-oil-and-lemon,101,fish-seafood,kafoodle-pantry:fish-seafood:fishes:sardines:canned-sardines:sardines-in-oil
35,sardines-in-sunflower-oil,101,fish-seafood,kafoodle-pantry:fish-seafood:fishes:sardines:canned-sardines:sardines-in-oil
36,sardines-in-tomato-sauce,101,fish-seafood,kafoodle-pantry:fish-seafood:fishes:sardines:canned-sardines
37,sardines-without-oil,101,fish-seafood,kafoodle-pantry:fish-seafood:fishes:sardines:canned-sardines
38,smoked-trouts,101,fish-seafood,kafoodle-pantry:fish-seafood:fishes:trouts
39,atlantic-bluefin-tunas,101,fish-seafood,kafoodle-pantry:fish-seafood:fishes:tunas
40,bigeye-tunas,101,fish-seafood,kafoodle-pantry:fish-seafood:fishes:tunas
41,canned-tunas,101,fish-seafood,kafoodle-pantry:fish-seafood:fishes:tunas
42,longtail-tuna,101,fish-seafood,kafoodle-pantry:fish-seafood:fishes:tunas
43,smoked-tunas,101,fish-seafood,kafoodle-pantry:fish-seafood:fishes:tunas
44,tropical-tunas,101,fish-seafood,kafoodle-pantry:fish-seafood:fishes:tunas
45,tuna-fillets,101,fish-seafood,kafoodle-pantry:fish-seafood:fishes:tunas
46,whole-tunas,101,fish-seafood,kafoodle-pantry:fish-seafood:fishes:tunas
47,jellyfish,101,fish-seafood,kafoodle-pantry:fish-seafood
48,calamari,101,fish-seafood,kafoodle-pantry:fish-seafood:mollusc
49,mussels,101,fish-seafood,kafoodle-pantry:fish-seafood:mollusc
50,octopus,101,fish-seafood,kafoodle-pantry:fish-seafood:mollusc
51,oysters,101,fish-seafood,kafoodle-pantry:fish-seafood:mollusc
52,scallop,101,fish-seafood,kafoodle-pantry:fish-seafood:mollusc
53,ground-beef,102,meat-poultry,kafoodle-pantry:meat-poultry:cattle:beef
54,beef-steaks,102,meat-poultry,kafoodle-pantry:meat-poultry:cattle:beef
55,beef-jerkies,102,meat-poultry,kafoodle-pantry:meat-poultry:cattle:beef
56,lamb,102,meat-poultry,kafoodle-pantry:meat-poultry:cattle
57,veal-meat,102,meat-poultry,kafoodle-pantry:meat-poultry:cattle
58,dromedary,102,meat-poultry,kafoodle-pantry:meat-poultry
59,european-moose-meat,102,meat-poultry,kafoodle-pantry:meat-poultry
60,frog,102,meat-poultry,kafoodle-pantry:meat-poultry
61,ants,102,meat-poultry,kafoodle-pantry:meat-poultry:insects
62,ostrich,102,meat-poultry,kafoodle-pantry:meat-poultry
63,smoked-back-bacon,102,meat-poultry,kafoodle-pantry:meat-poultry:pork:bacon:back-bacon
64,smoked-rindless-back-bacon-rashers,102,meat-poultry,kafoodle-pantry:meat-poultry:pork:bacon:back-bacon
65,unsmoked-back-bacon,102,meat-poultry,kafoodle-pantry:meat-poultry:pork:bacon:back-bacon
66,unsmoked-rindless-back-bacon-rashers,102,meat-poultry,kafoodle-pantry:meat-poultry:pork:bacon:back-bacon
67,rindless-short-cut-bacon,102,meat-poultry,kafoodle-pantry:meat-poultry:pork:bacon
68,sliced-bacon,102,meat-poultry,kafoodle-pantry:meat-poultry:pork:bacon
69,smoked-bacon-lardons,102,meat-poultry,kafoodle-pantry:meat-poultry:pork:bacon
70,pig-heart,102,meat-poultry,kafoodle-pantry:meat-poultry:pork
71,pork-belly,102,meat-poultry,kafoodle-pantry:meat-poultry:pork
72,pork-ribs,102,meat-poultry,kafoodle-pantry:meat-poultry:pork
73,pork-tongue,102,meat-poultry,kafoodle-pantry:meat-poultry:pork
74,capon,102,meat-poultry,kafoodle-pantry:meat-poultry:poultries
75,chicken-breasts,102,meat-poultry,kafoodle-pantry:meat-poultry:poultries:chickens
76,chicken-thighs,102,meat-poultry,kafoodle-pantry:meat-poultry:poultries:chickens
77,chicken-wings,102,meat-poultry,kafoodle-pantry:meat-poultry:poultries:chickens
78,duck-breast,102,meat-poultry,kafoodle-pantry:meat-poultry:poultries:ducks
79,duck-legs,102,meat-poultry,kafoodle-pantry:meat-poultry:poultries:ducks
80,geese,102,meat-poultry,kafoodle-pantry:meat-poultry:poultries
81,pigeon,102,meat-poultry,kafoodle-pantry:meat-poultry:poultries
82,turkey-breast,102,meat-poultry,kafoodle-pantry:meat-poultry:poultries:turkeys
83,turkey-thighs,102,meat-poultry,kafoodle-pantry:meat-poultry:poultries:turkeys
84,rabbit-meat,102,meat-poultry,kafoodle-pantry:meat-poultry
85,reindeer-meat,102,meat-poultry,kafoodle-pantry:meat-poultry
86,roe-deer-meat,102,meat-poultry,kafoodle-pantry:meat-poultry
87,canned-snails,102,meat-poultry,kafoodle-pantry:meat-poultry:snails
88,fresh-snails,102,meat-poultry,kafoodle-pantry:meat-poultry:snails
89,wapiti-elk-meat,102,meat-poultry,kafoodle-pantry:meat-poultry
90,zebra,102,meat-poultry,kafoodle-pantry:meat-poultry
91,canned-artichokes,103,vegetables,kafoodle-pantry:vegetables:canned-vegetables
92,canned-green-asparagus,103,vegetables,kafoodle-pantry:vegetables:canned-vegetables:canned-asparagus
93,canned-white-asparagus,103,vegetables,kafoodle-pantry:vegetables:canned-vegetables:canned-asparagus
94,canned-beet,103,vegetables,kafoodle-pantry:vegetables:canned-vegetables
95,canned-brussels-sprouts,103,vegetables,kafoodle-pantry:vegetables:canned-vegetables
96,canned-cabbage,103,vegetables,kafoodle-pantry:vegetables:canned-vegetables
97,canned-carrots,103,vegetables,kafoodle-pantry:vegetables:canned-vegetables
98,canned-celery,103,vegetables,kafoodle-pantry:vegetables:canned-vegetables
99,canned-chards,103,vegetables,kafoodle-pantry:vegetables:canned-vegetables
100,canned-corn,103,vegetables,kafoodle-pantry:vegetables:canned-vegetables
101,canned-hearts-of-palm,103,vegetables,kafoodle-pantry:vegetables:canned-vegetables
102,canned-leeks,103,vegetables,kafoodle-pantry:vegetables:canned-vegetables
103,canned-peppers,103,vegetables,kafoodle-pantry:vegetables:canned-vegetables
104,canned-potatoes,103,vegetables,kafoodle-pantry:vegetables:canned-vegetables
105,canned-salsifis,103,vegetables,kafoodle-pantry:vegetables:canned-vegetables
106,canned-spinachs,103,vegetables,kafoodle-pantry:vegetables:canned-vegetables
107,canned-sweet-corn,103,vegetables,kafoodle-pantry:vegetables:canned-vegetables
108,pickled-aubergines,103,vegetables,kafoodle-pantry:vegetables:canned-vegetables:vegetable-pickles
109,pickled-beets,103,vegetables,kafoodle-pantry:vegetables:canned-vegetables:vegetable-pickles
110,pickled-carrots,103,vegetables,kafoodle-pantry:vegetables:canned-vegetables:vegetable-pickles
111,gherkins,103,vegetables,kafoodle-pantry:vegetables:canned-vegetables:vegetable-pickles:pickled-cucumbers
112,pickled-garlic,103,vegetables,kafoodle-pantry:vegetables:canned-vegetables:vegetable-pickles
113,pickled-onions,103,vegetables,kafoodle-pantry:vegetables:canned-vegetables:vegetable-pickles
114,pickled-peppers,103,vegetables,kafoodle-pantry:vegetables:canned-vegetables:vegetable-pickles
115,dried-tomatoes-in-oil,103,vegetables,kafoodle-pantry:vegetables:dried-vegetables:dried-tomatoes
116,natural-dried-tomatoes,103,vegetables,kafoodle-pantry:vegetables:dried-vegetables:dried-tomatoes
117,aubergines,103,vegetables,kafoodle-pantry:vegetables:fresh-vegetables
118,beetroots,103,vegetables,kafoodle-pantry:vegetables:fresh-vegetables
119,broad-beans,103,vegetables,kafoodle-pantry:vegetables:fresh-vegetables
120,broccoli,103,vegetables,kafoodle-pantry:vegetables:fresh-vegetables
121,brussels-sprouts,103,vegetables,kafoodle-pantry:vegetables:fresh-vegetables
122,carrots,103,vegetables,kafoodle-pantry:vegetables:fresh-vegetables
123,cucumbers,103,vegetables,kafoodle-pantry:vegetables:fresh-vegetables
124,black-garlic,103,vegetables,kafoodle-pantry:vegetables:fresh-vegetables:garlics
125,green-garlic,103,vegetables,kafoodle-pantry:vegetables:fresh-vegetables:garlics
126,white-garlic,103,vegetables,kafoodle-pantry:vegetables:fresh-vegetables:garlics
127,broad-green-beans,103,vegetables,kafoodle-pantry:vegetables:fresh-vegetables:green-beans
128,flat-green-beans,103,vegetables,kafoodle-pantry:vegetables:fresh-vegetables:green-beans
129,green-pigeon-peas,103,vegetables,kafoodle-pantry:vegetables:fresh-vegetables
130,cabbage,103,vegetables,kafoodle-pantry:vegetables:fresh-vegetables:leaf-vegetables
131,cauliflower,103,vegetables,kafoodle-pantry:vegetables:fresh-vegetables:leaf-vegetables
132,endives,103,vegetables,kafoodle-pantry:vegetables:fresh-vegetables:leaf-vegetables
133,garden-cress,103,vegetables,kafoodle-pantry:vegetables:fresh-vegetables:leaf-vegetables
134,red-cabbage,103,vegetables,kafoodle-pantry:vegetables:fresh-vegetables:leaf-vegetables
135,rocket,103,vegetables,kafoodle-pantry:vegetables:fresh-vegetables:leaf-vegetables
136,romanesco,103,vegetables,kafoodle-pantry:vegetables:fresh-vegetables:leaf-vegetables
137,spinachs,103,vegetables,kafoodle-pantry:vegetables:fresh-vegetables:leaf-vegetables
138,watercress,103,vegetables,kafoodle-pantry:vegetables:fresh-vegetables:leaf-vegetables
139,golden-onion,103,vegetables,kafoodle-pantry:vegetables:fresh-vegetables:onions
140,onion-sprouts,103,vegetables,kafoodle-pantry:vegetables:fresh-vegetables:onions
141,red-onion,103,vegetables,kafoodle-pantry:vegetables:fresh-vegetables:onions
142,scallions,103,vegetables,kafoodle-pantry:vegetables:fresh-vegetables:onions
143,shallots,103,vegetables,kafoodle-pantry:vegetables:fresh-vegetables:onions
144,spring-onion,103,vegetables,kafoodle-pantry:vegetables:fresh-vegetables:onions
145,white-onion,103,vegetables,kafoodle-pantry:vegetables:fresh-vegetables:onions
146,agata-potatoes,103,vegetables,kafoodle-pantry:vegetables:fresh-vegetables:potatoes
147,charlotte-potatoes,103,vegetables,kafoodle-pantry:vegetables:fresh-vegetables:potatoes
148,sweet-potatoes,103,vegetables,kafoodle-pantry:vegetables:fresh-vegetables:potatoes
149,butternut-squashes,103,vegetables,kafoodle-pantry:vegetables:fresh-vegetables:pumpkins
150,spaghetti-squashes,103,vegetables,kafoodle-pantry:vegetables:fresh-vegetables:pumpkins
151,daikon-radishes,103,vegetables,kafoodle-pantry:vegetables:fresh-vegetables:radishes
152,red-radishes,103,vegetables,kafoodle-pantry:vegetables:fresh-vegetables:radishes
153,green-bell-peppers,103,vegetables,kafoodle-pantry:vegetables:fresh-vegetables:sweet-peppers
154,red-bell-peppers,103,vegetables,kafoodle-pantry:vegetables:fresh-vegetables:sweet-peppers
155,yellow-bell-peppers,103,vegetables,kafoodle-pantry:vegetables:fresh-vegetables:sweet-peppers
156,strained-tomatoes,103,vegetables,kafoodle-pantry:vegetables:fresh-vegetables:tomatoes-and-tomato-products
157,tomato-pastes,103,vegetables,kafoodle-pantry:vegetables:fresh-vegetables:tomatoes-and-tomato-products
158,tomato-purees,103,vegetables,kafoodle-pantry:vegetables:fresh-vegetables:tomatoes-and-tomato-products
159,cherry-tomatoes,103,vegetables,kafoodle-pantry:vegetables:fresh-vegetables:tomatoes-and-tomato-products:tomatoes
160,pumpkin-tomatoes,103,vegetables,kafoodle-pantry:vegetables:fresh-vegetables:tomatoes-and-tomato-products:tomatoes
161,tomatoe,103,vegetables,kafoodle-pantry:vegetables:fresh-vegetables:tomatoes-and-tomato-products:tomatoes
162,turnip,103,vegetables,kafoodle-pantry:vegetables:fresh-vegetables
163,artichoke,103,vegetables,kafoodle-pantry:vegetables:fresh-vegetables:vegetable-rods
164,green-asparagus,103,vegetables,kafoodle-pantry:vegetables:fresh-vegetables:vegetable-rods:asparagus
165,miniature-asparagus,103,vegetables,kafoodle-pantry:vegetables:fresh-vegetables:vegetable-rods:asparagus
166,purple-asparagus,103,vegetables,kafoodle-pantry:vegetables:fresh-vegetables:vegetable-rods:asparagus
167,white-asparagus,103,vegetables,kafoodle-pantry:vegetables:fresh-vegetables:vegetable-rods:asparagus
168,wild-asparagus,103,vegetables,kafoodle-pantry:vegetables:fresh-vegetables:vegetable-rods:asparagus
169,cardoons,103,vegetables,kafoodle-pantry:vegetables:fresh-vegetables:vegetable-rods
170,celery,103,vegetables,kafoodle-pantry:vegetables:fresh-vegetables:vegetable-rods
171,fennel-bulbs,103,vegetables,kafoodle-pantry:vegetables:fresh-vegetables:vegetable-rods
172,leeks,103,vegetables,kafoodle-pantry:vegetables:fresh-vegetables:vegetable-rods
173,rhubarbs,103,vegetables,kafoodle-pantry:vegetables:fresh-vegetables:vegetable-rods
174,zucchini,103,vegetables,kafoodle-pantry:vegetables:fresh-vegetables
175,frozen-artichoke,103,vegetables,kafoodle-pantry:vegetables:frozen-vegetables
176,frozen-green-asparagus,103,vegetables,kafoodle-pantry:vegetables:frozen-vegetables:frozen-asparagus
177,frozen-white-asparagus,103,vegetables,kafoodle-pantry:vegetables:frozen-vegetables:frozen-asparagus
178,frozen-aubergines,103,vegetables,kafoodle-pantry:vegetables:frozen-vegetables
179,frozen-broccoli-florets,103,vegetables,kafoodle-pantry:vegetables:frozen-vegetables
180,frozen-brussels-sprouts,103,vegetables,kafoodle-pantry:vegetables:frozen-vegetables
181,frozen-butter-beans,103,vegetables,kafoodle-pantry:vegetables:frozen-vegetables
182,frozen-cardoons,103,vegetables,kafoodle-pantry:vegetables:frozen-vegetables
183,frozen-baby-carrots,103,vegetables,kafoodle-pantry:vegetables:frozen-vegetables:frozen-carrots
184,frozen-chopped-carrots,103,vegetables,kafoodle-pantry:vegetables:frozen-vegetables:frozen-carrots
185,frozen-chard-leaves,103,vegetables,kafoodle-pantry:vegetables:frozen-vegetables:frozen-chards
186,frozen-chopped-chards,103,vegetables,kafoodle-pantry:vegetables:frozen-vegetables:frozen-chards
187,frozen-chopped-garlic,103,vegetables,kafoodle-pantry:vegetables:frozen-vegetables
188,frozen-chopped-onions,103,vegetables,kafoodle-pantry:vegetables:frozen-vegetables
189,frozen-fresh-broad-beans,103,vegetables,kafoodle-pantry:vegetables:frozen-vegetables
190,frozen-green-beans,103,vegetables,kafoodle-pantry:vegetables:frozen-vegetables
191,frozen-green-garlic,103,vegetables,kafoodle-pantry:vegetables:frozen-vegetables
192,frozen-green-peas,103,vegetables,kafoodle-pantry:vegetables:frozen-vegetables
193,frozen-leeks,103,vegetables,kafoodle-pantry:vegetables:frozen-vegetables
194,frozen-green-peppers,103,vegetables,kafoodle-pantry:vegetables:frozen-vegetables:frozen-peppers
195,frozen-red-peppers,103,vegetables,kafoodle-pantry:vegetables:frozen-vegetables:frozen-peppers
196,frozen-yellow-peppers,103,vegetables,kafoodle-pantry:vegetables:frozen-vegetables:frozen-peppers
197,frozen-potatoes,103,vegetables,kafoodle-pantry:vegetables:frozen-vegetables
198,frozen-pumpkins,103,vegetables,kafoodle-pantry:vegetables:frozen-vegetables
199,frozen-red-cabbage,103,vegetables,kafoodle-pantry:vegetables:frozen-vegetables
200,frozen-salsify,103,vegetables,kafoodle-pantry:vegetables:frozen-vegetables
201,frozen-turnips,103,vegetables,kafoodle-pantry:vegetables:frozen-vegetables
202,frozen-zucchini,103,vegetables,kafoodle-pantry:vegetables:frozen-vegetables
203,almond-meal,105,nuts-seeds,kafoodle-pantry:nuts-seeds:nut-flours
204,almond-milks,105,nuts-seeds,kafoodle-pantry:nuts-seeds:nut-milks
205,chestnut-milks,105,nuts-seeds,kafoodle-pantry:nuts-seeds:nut-milks
206,hazelnut-milks,105,nuts-seeds,kafoodle-pantry:nuts-seeds:nut-milks
207,macadamia-nut-milks,105,nuts-seeds,kafoodle-pantry:nuts-seeds:nut-milks
208,walnut-milks,105,nuts-seeds,kafoodle-pantry:nuts-seeds:nut-milks
209,almonds,105,nuts-seeds,kafoodle-pantry:nuts-seeds:nuts
210,brazil-nuts,105,nuts-seeds,kafoodle-pantry:nuts-seeds:nuts
211,chestnuts,105,nuts-seeds,kafoodle-pantry:nuts-seeds:nuts
212,hazelnuts,105,nuts-seeds,kafoodle-pantry:nuts-seeds:nuts
213,macadamia-nuts,105,nuts-seeds,kafoodle-pantry:nuts-seeds:nuts
214,peanuts,105,nuts-seeds,kafoodle-pantry:nuts-seeds:nuts
215,pecan-nuts,105,nuts-seeds,kafoodle-pantry:nuts-seeds:nuts
216,pine-nuts,105,nuts-seeds,kafoodle-pantry:nuts-seeds:nuts
217,pistachios,105,nuts-seeds,kafoodle-pantry:nuts-seeds:nuts
218,shelled-almonds,105,nuts-seeds,kafoodle-pantry:nuts-seeds:nuts:shelled-nuts
219,shelled-brazil-nuts,105,nuts-seeds,kafoodle-pantry:nuts-seeds:nuts:shelled-nuts
220,shelled-chestnuts,105,nuts-seeds,kafoodle-pantry:nuts-seeds:nuts:shelled-nuts
221,shelled-hazelnuts,105,nuts-seeds,kafoodle-pantry:nuts-seeds:nuts:shelled-nuts
222,shelled-macadamia-nuts,105,nuts-seeds,kafoodle-pantry:nuts-seeds:nuts:shelled-nuts
223,shelled-pecan-nuts,105,nuts-seeds,kafoodle-pantry:nuts-seeds:nuts:shelled-nuts
224,shelled-pine-nuts,105,nuts-seeds,kafoodle-pantry:nuts-seeds:nuts:shelled-nuts
225,shelled-pistachios,105,nuts-seeds,kafoodle-pantry:nuts-seeds:nuts:shelled-nuts
226,shelled-walnuts,105,nuts-seeds,kafoodle-pantry:nuts-seeds:nuts:shelled-nuts
227,walnuts,105,nuts-seeds,kafoodle-pantry:nuts-seeds:nuts
228,fenugreek-seeds,105,nuts-seeds,kafoodle-pantry:nuts-seeds:seeds
229,mustard-seeds,105,nuts-seeds,kafoodle-pantry:nuts-seeds:seeds
230,papaver-seeds,105,nuts-seeds,kafoodle-pantry:nuts-seeds:seeds
231,sunflower-seeds,105,nuts-seeds,kafoodle-pantry:nuts-seeds:seeds
232,brie,107,dairy-eggs,kafoodle-pantry:dairy-eggs:cheeses:cheeses-from-france
233,camembert,107,dairy-eggs,kafoodle-pantry:dairy-eggs:cheeses:cheeses-from-france
234,cabecous,107,dairy-eggs,kafoodle-pantry:dairy-eggs:cheeses:cheeses-from-france
235,cancoillottes,107,dairy-eggs,kafoodle-pantry:dairy-eggs:cheeses:cheeses-from-france
236,cheeses-from-corsica,107,dairy-eggs,kafoodle-pantry:dairy-eggs:cheeses:cheeses-from-france
237,epoisses-de-bourgogne,107,dairy-eggs,kafoodle-pantry:dairy-eggs:cheeses:cheeses-from-france
238,french-gruyeres,107,dairy-eggs,kafoodle-pantry:dairy-eggs:cheeses:cheeses-from-france
239,munsters,107,dairy-eggs,kafoodle-pantry:dairy-eggs:cheeses:cheeses-from-france
240,pont-l-eveque,107,dairy-eggs,kafoodle-pantry:dairy-eggs:cheeses:cheeses-from-france
241,saint-felicien-cheese,107,dairy-eggs,kafoodle-pantry:dairy-eggs:cheeses:cheeses-from-france
242,valencay-cheese,107,dairy-eggs,kafoodle-pantry:dairy-eggs:cheeses:cheeses-from-france
243,feta,107,dairy-eggs,kafoodle-pantry:dairy-eggs:cheeses:cheeses-from-greece
244,halloumi,107,dairy-eggs,kafoodle-pantry:dairy-eggs:cheeses:cheeses-from-greece
245,gorgonzolas,107,dairy-eggs,kafoodle-pantry:dairy-eggs:cheeses:cheeses-from-italy
246,grana-padano,107,dairy-eggs,kafoodle-pantry:dairy-eggs:cheeses:cheeses-from-italy
247,mascarpone,107,dairy-eggs,kafoodle-pantry:dairy-eggs:cheeses:cheeses-from-italy
248,parmigiano-reggiano,107,dairy-eggs,kafoodle-pantry:dairy-eggs:cheeses:cheeses-from-italy
249,appenzeller-cheese,107,dairy-eggs,kafoodle-pantry:dairy-eggs:cheeses:cheeses-from-switzerland
250,swiss-gruyeres,107,dairy-eggs,kafoodle-pantry:dairy-eggs:cheeses:cheeses-from-switzerland
251,edam,107,dairy-eggs,kafoodle-pantry:dairy-eggs:cheeses:cheeses-from-the-netherlands
252,goudas-with-cumin,107,dairy-eggs,kafoodle-pantry:dairy-eggs:cheeses:cheeses-from-the-netherlands:gouda
253,old-goudas,107,dairy-eggs,kafoodle-pantry:dairy-eggs:cheeses:cheeses-from-the-netherlands:gouda
254,orange-goudas,107,dairy-eggs,kafoodle-pantry:dairy-eggs:cheeses:cheeses-from-the-netherlands:gouda
255,red-goudas,107,dairy-eggs,kafoodle-pantry:dairy-eggs:cheeses:cheeses-from-the-netherlands:gouda
256,white-gouda,107,dairy-eggs,kafoodle-pantry:dairy-eggs:cheeses:cheeses-from-the-netherlands:gouda
257,yellow-gouda,107,dairy-eggs,kafoodle-pantry:dairy-eggs:cheeses:cheeses-from-the-netherlands:gouda
258,young-gouda,107,dairy-eggs,kafoodle-pantry:dairy-eggs:cheeses:cheeses-from-the-netherlands:gouda
259,maasdam,107,dairy-eggs,kafoodle-pantry:dairy-eggs:cheeses:cheeses-from-the-netherlands
260,applewood-cheese,107,dairy-eggs,kafoodle-pantry:dairy-eggs:cheeses:cheeses-from-the-united-kingdom:cheeses-from-england
261,ashdown-foresters,107,dairy-eggs,kafoodle-pantry:dairy-eggs:cheeses:cheeses-from-the-united-kingdom:cheeses-from-england
262,beacon-fell-traditional-lancashire-cheese,107,dairy-eggs,kafoodle-pantry:dairy-eggs:cheeses:cheeses-from-the-united-kingdom:cheeses-from-england
263,beenleigh-blue-cheese,107,dairy-eggs,kafoodle-pantry:dairy-eggs:cheeses:cheeses-from-the-united-kingdom:cheeses-from-england
264,bowland-cheese,107,dairy-eggs,kafoodle-pantry:dairy-eggs:cheeses:cheeses-from-the-united-kingdom:cheeses-from-england
265,brighton-blue,107,dairy-eggs,kafoodle-pantry:dairy-eggs:cheeses:cheeses-from-the-united-kingdom:cheeses-from-england
266,buxton-blue,107,dairy-eggs,kafoodle-pantry:dairy-eggs:cheeses:cheeses-from-the-united-kingdom:cheeses-from-england
267,cathedral-city-cheddar,107,dairy-eggs,kafoodle-pantry:dairy-eggs:cheeses:cheeses-from-the-united-kingdom:cheeses-from-england
268,cheddar-slices,107,dairy-eggs,kafoodle-pantry:dairy-eggs:cheeses:cheeses-from-the-united-kingdom:cheeses-from-england:cheddar-cheese
269,extra-mature-cheddar,107,dairy-eggs,kafoodle-pantry:dairy-eggs:cheeses:cheeses-from-the-united-kingdom:cheeses-from-england:cheddar-cheese
270,mature-cheddar,107,dairy-eggs,kafoodle-pantry:dairy-eggs:cheeses:cheeses-from-the-united-kingdom:cheeses-from-england:cheddar-cheese
271,mild-cheddar,107,dairy-eggs,kafoodle-pantry:dairy-eggs:cheeses:cheeses-from-the-united-kingdom:cheeses-from-england:cheddar-cheese
272,cheshire-cheese,107,dairy-eggs,kafoodle-pantry:dairy-eggs:cheeses:cheeses-from-the-united-kingdom:cheeses-from-england
273,chevington-cheese,107,dairy-eggs,kafoodle-pantry:dairy-eggs:cheeses:cheeses-from-the-united-kingdom:cheeses-from-england
274,coquetdale-cheese,107,dairy-eggs,kafoodle-pantry:dairy-eggs:cheeses:cheeses-from-the-united-kingdom:cheeses-from-england
275,cornish-yarg,107,dairy-eggs,kafoodle-pantry:dairy-eggs:cheeses:cheeses-from-the-united-kingdom:cheeses-from-england
276,croglin,107,dairy-eggs,kafoodle-pantry:dairy-eggs:cheeses:cheeses-from-the-united-kingdom:cheeses-from-england
277,derby-cheese,107,dairy-eggs,kafoodle-pantry:dairy-eggs:cheeses:cheeses-from-the-united-kingdom:cheeses-from-england
278,dorset-blue-vinney,107,dairy-eggs,kafoodle-pantry:dairy-eggs:cheeses:cheeses-from-the-united-kingdom:cheeses-from-england
279,dorset-drum,107,dairy-eggs,kafoodle-pantry:dairy-eggs:cheeses:cheeses-from-the-united-kingdom:cheeses-from-england
280,dovedale-cheese,107,dairy-eggs,kafoodle-pantry:dairy-eggs:cheeses:cheeses-from-the-united-kingdom:cheeses-from-england
281,duddleswell-cheese,107,dairy-eggs,kafoodle-pantry:dairy-eggs:cheeses:cheeses-from-the-united-kingdom:cheeses-from-england
282,fine-fettle-yorkshire,107,dairy-eggs,kafoodle-pantry:dairy-eggs:cheeses:cheeses-from-the-united-kingdom:cheeses-from-england
283,five-counties-cheese,107,dairy-eggs,kafoodle-pantry:dairy-eggs:cheeses:cheeses-from-the-united-kingdom:cheeses-from-england
284,gloucester-cheese,107,dairy-eggs,kafoodle-pantry:dairy-eggs:cheeses:cheeses-from-the-united-kingdom:cheeses-from-england
285,harbourne-blue,107,dairy-eggs,kafoodle-pantry:dairy-eggs:cheeses:cheeses-from-the-united-kingdom:cheeses-from-england
286,lancashire-cheese,107,dairy-eggs,kafoodle-pantry:dairy-eggs:cheeses:cheeses-from-the-united-kingdom:cheeses-from-england
287,lincolnshire-poacher-cheese,107,dairy-eggs,kafoodle-pantry:dairy-eggs:cheeses:cheeses-from-the-united-kingdom:cheeses-from-england
288,little-derby,107,dairy-eggs,kafoodle-pantry:dairy-eggs:cheeses:cheeses-from-the-united-kingdom:cheeses-from-england
289,lymeswold-cheese,107,dairy-eggs,kafoodle-pantry:dairy-eggs:cheeses:cheeses-from-the-united-kingdom:cheeses-from-england
290,newport-1665,107,dairy-eggs,kafoodle-pantry:dairy-eggs:cheeses:cheeses-from-the-united-kingdom:cheeses-from-england
291,norbury-blue,107,dairy-eggs,kafoodle-pantry:dairy-eggs:cheeses:cheeses-from-the-united-kingdom:cheeses-from-england
292,parlick-fell-cheese,107,dairy-eggs,kafoodle-pantry:dairy-eggs:cheeses:cheeses-from-the-united-kingdom:cheeses-from-england
293,pilgrims-choice,107,dairy-eggs,kafoodle-pantry:dairy-eggs:cheeses:cheeses-from-the-united-kingdom:cheeses-from-england
294,red-leicester,107,dairy-eggs,kafoodle-pantry:dairy-eggs:cheeses:cheeses-from-the-united-kingdom:cheeses-from-england
295,red-windsor,107,dairy-eggs,kafoodle-pantry:dairy-eggs:cheeses:cheeses-from-the-united-kingdom:cheeses-from-england
296,sage-derby,107,dairy-eggs,kafoodle-pantry:dairy-eggs:cheeses:cheeses-from-the-united-kingdom:cheeses-from-england
297,shropshire-blue,107,dairy-eggs,kafoodle-pantry:dairy-eggs:cheeses:cheeses-from-the-united-kingdom:cheeses-from-england
298,stichelton,107,dairy-eggs,kafoodle-pantry:dairy-eggs:cheeses:cheeses-from-the-united-kingdom:cheeses-from-england
299,stilton-cheese,107,dairy-eggs,kafoodle-pantry:dairy-eggs:cheeses:cheeses-from-the-united-kingdom:cheeses-from-england
300,stinking-bishop-cheese,107,dairy-eggs,kafoodle-pantry:dairy-eggs:cheeses:cheeses-from-the-united-kingdom:cheeses-from-england
301,suffolk-gold-cheese,107,dairy-eggs,kafoodle-pantry:dairy-eggs:cheeses:cheeses-from-the-united-kingdom:cheeses-from-england
302,sussex-slipcote,107,dairy-eggs,kafoodle-pantry:dairy-eggs:cheeses:cheeses-from-the-united-kingdom:cheeses-from-england
303,swaledale-cheese,107,dairy-eggs,kafoodle-pantry:dairy-eggs:cheeses:cheeses-from-the-united-kingdom:cheeses-from-england
304,the-cheese-shop,107,dairy-eggs,kafoodle-pantry:dairy-eggs:cheeses:cheeses-from-the-united-kingdom:cheeses-from-england
305,waterloo-cheese,107,dairy-eggs,kafoodle-pantry:dairy-eggs:cheeses:cheeses-from-the-united-kingdom:cheeses-from-england
306,wensleydale-cheese,107,dairy-eggs,kafoodle-pantry:dairy-eggs:cheeses:cheeses-from-the-united-kingdom:cheeses-from-england
307,wrekin-white,107,dairy-eggs,kafoodle-pantry:dairy-eggs:cheeses:cheeses-from-the-united-kingdom:cheeses-from-england
308,coleraine-cheddar,107,dairy-eggs,kafoodle-pantry:dairy-eggs:cheeses:cheeses-from-the-united-kingdom:cheeses-from-northern-ireland
309,bonchester,107,dairy-eggs,kafoodle-pantry:dairy-eggs:cheeses:cheeses-from-the-united-kingdom:cheeses-from-scotland
310,caboc,107,dairy-eggs,kafoodle-pantry:dairy-eggs:cheeses:cheeses-from-the-united-kingdom:cheeses-from-scotland
311,crowdie,107,dairy-eggs,kafoodle-pantry:dairy-eggs:cheeses:cheeses-from-the-united-kingdom:cheeses-from-scotland
312,dunlop,107,dairy-eggs,kafoodle-pantry:dairy-eggs:cheeses:cheeses-from-the-united-kingdom:cheeses-from-scotland
313,isle-of-mull-cheddar,107,dairy-eggs,kafoodle-pantry:dairy-eggs:cheeses:cheeses-from-the-united-kingdom:cheeses-from-scotland
314,lanark-blue,107,dairy-eggs,kafoodle-pantry:dairy-eggs:cheeses:cheeses-from-the-united-kingdom:cheeses-from-scotland
315,caerphilly,107,dairy-eggs,kafoodle-pantry:dairy-eggs:cheeses:cheeses-from-the-united-kingdom:cheeses-from-wales
316,pantysgawn,107,dairy-eggs,kafoodle-pantry:dairy-eggs:cheeses:cheeses-from-the-united-kingdom:cheeses-from-wales
317,tintern,107,dairy-eggs,kafoodle-pantry:dairy-eggs:cheeses:cheeses-from-the-united-kingdom:cheeses-from-wales
318,y-fenni,107,dairy-eggs,kafoodle-pantry:dairy-eggs:cheeses:cheeses-from-the-united-kingdom:cheeses-from-wales
319,condensed-milks,107,dairy-eggs,kafoodle-pantry:dairy-eggs
320,buttermilk,107,dairy-eggs,kafoodle-pantry:dairy-eggs:creams
321,sour-cream,107,dairy-eggs,kafoodle-pantry:dairy-eggs:creams
322,uht-cream,107,dairy-eggs,kafoodle-pantry:dairy-eggs:creams
323,barn-chicken-eggs,107,dairy-eggs,kafoodle-pantry:dairy-eggs:eggs:chicken-eggs
324,cage-chicken-eggs,107,dairy-eggs,kafoodle-pantry:dairy-eggs:eggs:chicken-eggs
325,free-range-chicken-eggs,107,dairy-eggs,kafoodle-pantry:dairy-eggs:eggs:chicken-eggs
326,duck-eggs,107,dairy-eggs,kafoodle-pantry:dairy-eggs:eggs
327,emu-eggs,107,dairy-eggs,kafoodle-pantry:dairy-eggs:eggs
328,fresh-eggs,107,dairy-eggs,kafoodle-pantry:dairy-eggs:eggs
329,goose-eggs,107,dairy-eggs,kafoodle-pantry:dairy-eggs:eggs
330,guineafowl-eggs,107,dairy-eggs,kafoodle-pantry:dairy-eggs:eggs
331,gull-eggs,107,dairy-eggs,kafoodle-pantry:dairy-eggs:eggs
332,ostrich-eggs,107,dairy-eggs,kafoodle-pantry:dairy-eggs:eggs
333,pheasant-eggs,107,dairy-eggs,kafoodle-pantry:dairy-eggs:eggs
334,quail-eggs,107,dairy-eggs,kafoodle-pantry:dairy-eggs:eggs
335,cow-milks,107,dairy-eggs,kafoodle-pantry:dairy-eggs:milks
336,goat-milks,107,dairy-eggs,kafoodle-pantry:dairy-eggs:milks
337,lactose-free-milk,107,dairy-eggs,kafoodle-pantry:dairy-eggs:milks
338,mountain-milks,107,dairy-eggs,kafoodle-pantry:dairy-eggs:milks
339,raw-milks,107,dairy-eggs,kafoodle-pantry:dairy-eggs:milks:non-homogenized-milks
340,semi-skimmed-milks,107,dairy-eggs,kafoodle-pantry:dairy-eggs:milks
341,sheep-milks,107,dairy-eggs,kafoodle-pantry:dairy-eggs:milks
342,skimmed-milks,107,dairy-eggs,kafoodle-pantry:dairy-eggs:milks
343,whole-milks,107,dairy-eggs,kafoodle-pantry:dairy-eggs:milks
344,whey-powder,107,dairy-eggs,kafoodle-pantry:dairy-eggs
345,caramel-yogurts,107,dairy-eggs,kafoodle-pantry:dairy-eggs:yogurts
346,chocolate-yogurts,107,dairy-eggs,kafoodle-pantry:dairy-eggs:yogurts
347,cow-milk-yogurt,107,dairy-eggs,kafoodle-pantry:dairy-eggs:yogurts
348,flavoured-yogurts,107,dairy-eggs,kafoodle-pantry:dairy-eggs:yogurts
349,goat-milk-yogurts,107,dairy-eggs,kafoodle-pantry:dairy-eggs:yogurts
350,greek-yogurts,107,dairy-eggs,kafoodle-pantry:dairy-eggs:yogurts
351,honey-yogurts,107,dairy-eggs,kafoodle-pantry:dairy-eggs:yogurts
352,lactose-free-yogurts,107,dairy-eggs,kafoodle-pantry:dairy-eggs:yogurts
353,low-fat-yogurts,107,dairy-eggs,kafoodle-pantry:dairy-eggs:yogurts
354,mixed-yogurts,107,dairy-eggs,kafoodle-pantry:dairy-eggs:yogurts
355,plain-yogurts,107,dairy-eggs,kafoodle-pantry:dairy-eggs:yogurts
356,sheep-milk-yogurts,107,dairy-eggs,kafoodle-pantry:dairy-eggs:yogurts
357,fruit-stirred-yogurts,107,dairy-eggs,kafoodle-pantry:dairy-eggs:yogurts:stirred-yogurts
358,plain-stirred-yogurts,107,dairy-eggs,kafoodle-pantry:dairy-eggs:yogurts:stirred-yogurts
359,sweetened-yogurts,107,dairy-eggs,kafoodle-pantry:dairy-eggs:yogurts
360,vanilla-yogurt,107,dairy-eggs,kafoodle-pantry:dairy-eggs:yogurts
361,whole-milk-yogurts,107,dairy-eggs,kafoodle-pantry:dairy-eggs:yogurts
362,yogurts-with-cereals,107,dairy-eggs,kafoodle-pantry:dairy-eggs:yogurts
363,canned-pineapples,108,fruits,kafoodle-pantry:fruits:canned-fruits
364,apricots-in-syrup,108,fruits,kafoodle-pantry:fruits:canned-fruits:fruits-in-syrup
365,canned-mixed-fruit-in-syrup,108,fruits,kafoodle-pantry:fruits:canned-fruits:fruits-in-syrup
366,cherries-in-syrup,108,fruits,kafoodle-pantry:fruits:canned-fruits:fruits-in-syrup
367,grapefruits-in-syrup,108,fruits,kafoodle-pantry:fruits:canned-fruits:fruits-in-syrup
368,lychees-in-syrup,108,fruits,kafoodle-pantry:fruits:canned-fruits:fruits-in-syrup
369,mangoes-in-syrup,108,fruits,kafoodle-pantry:fruits:canned-fruits:fruits-in-syrup
370,peaches-in-syrup,108,fruits,kafoodle-pantry:fruits:canned-fruits:fruits-in-syrup
371,pears-in-syrup,108,fruits,kafoodle-pantry:fruits:canned-fruits:fruits-in-syrup
372,pineapple-in-syrup,108,fruits,kafoodle-pantry:fruits:canned-fruits:fruits-in-syrup
373,dried-apples,108,fruits,kafoodle-pantry:fruits:dried-fruits
374,dried-apricots,108,fruits,kafoodle-pantry:fruits:dried-fruits
375,dried-bananas,108,fruits,kafoodle-pantry:fruits:dried-fruits
376,dried-bilberries,108,fruits,kafoodle-pantry:fruits:dried-fruits
377,dried-coconut-chips,108,fruits,kafoodle-pantry:fruits:dried-fruits:dried-coconut
378,dried-coconut-flour,108,fruits,kafoodle-pantry:fruits:dried-fruits:dried-coconut
379,dried-cranberries,108,fruits,kafoodle-pantry:fruits:dried-fruits
380,dried-figs,108,fruits,kafoodle-pantry:fruits:dried-fruits
381,dried-goji,108,fruits,kafoodle-pantry:fruits:dried-fruits
382,dried-golden-berries,108,fruits,kafoodle-pantry:fruits:dried-fruits
383,dried-mangoes,108,fruits,kafoodle-pantry:fruits:dried-fruits
384,dried-mixed-fruits,108,fruits,kafoodle-pantry:fruits:dried-fruits
385,dried-papayas,108,fruits,kafoodle-pantry:fruits:dried-fruits
386,dried-peaches,108,fruits,kafoodle-pantry:fruits:dried-fruits
387,dried-pineapple,108,fruits,kafoodle-pantry:fruits:dried-fruits
388,dried-strawberries,108,fruits,kafoodle-pantry:fruits:dried-fruits
389,grated-coconut,108,fruits,kafoodle-pantry:fruits:dried-fruits
390,raisins,108,fruits,kafoodle-pantry:fruits:dried-fruits
391,canada-reinettes-apples,108,fruits,kafoodle-pantry:fruits:fresh-fruits:apples
392,granny-smith-apples,108,fruits,kafoodle-pantry:fruits:fresh-fruits:apples
393,red-delicious-apples,108,fruits,kafoodle-pantry:fruits:fresh-fruits:apples
394,russet-apples,108,fruits,kafoodle-pantry:fruits:fresh-fruits:apples
395,fuji-apples,108,fruits,kafoodle-pantry:fruits:fresh-fruits:apples
396,gala-apples,108,fruits,kafoodle-pantry:fruits:fresh-fruits:apples
397,golden-delicious-apples,108,fruits,kafoodle-pantry:fruits:fresh-fruits:apples
398,apricots,108,fruits,kafoodle-pantry:fruits:fresh-fruits
399,bilberries,108,fruits,kafoodle-pantry:fruits:fresh-fruits:berries
400,blackberries,108,fruits,kafoodle-pantry:fruits:fresh-fruits:berries
401,blackthorns,108,fruits,kafoodle-pantry:fruits:fresh-fruits:berries
402,blueberries,108,fruits,kafoodle-pantry:fruits:fresh-fruits:berries
403,cranberries,108,fruits,kafoodle-pantry:fruits:fresh-fruits:berries
404,elderberries,108,fruits,kafoodle-pantry:fruits:fresh-fruits:berries
405,lingonberries,108,fruits,kafoodle-pantry:fruits:fresh-fruits:berries
406,raspberries,108,fruits,kafoodle-pantry:fruits:fresh-fruits:berries
407,redcurrants,108,fruits,kafoodle-pantry:fruits:fresh-fruits:berries
408,strawberries,108,fruits,kafoodle-pantry:fruits:fresh-fruits:berries
409,cherries,108,fruits,kafoodle-pantry:fruits:fresh-fruits
410,grapefruits,108,fruits,kafoodle-pantry:fruits:fresh-fruits:citrus
411,lemons,108,fruits,kafoodle-pantry:fruits:fresh-fruits:citrus
412,limes,108,fruits,kafoodle-pantry:fruits:fresh-fruits:citrus
413,clementines,108,fruits,kafoodle-pantry:fruits:fresh-fruits:citrus:mandarin-oranges
414,tangerines,108,fruits,kafoodle-pantry:fruits:fresh-fruits:citrus:mandarin-oranges
415,oranges,108,fruits,kafoodle-pantry:fruits:fresh-fruits:citrus
416,pomelos,108,fruits,kafoodle-pantry:fruits:fresh-fruits:citrus
417,pitted-dates,108,fruits,kafoodle-pantry:fruits:fresh-fruits:dates
418,whole-dates,108,fruits,kafoodle-pantry:fruits:fresh-fruits:dates
419,figs,108,fruits,kafoodle-pantry:fruits:fresh-fruits
420,golden-berries,108,fruits,kafoodle-pantry:fruits:fresh-fruits
421,black-grapes,108,fruits,kafoodle-pantry:fruits:fresh-fruits:grapes
422,green-grapes,108,fruits,kafoodle-pantry:fruits:fresh-fruits:grapes
423,kakis,108,fruits,kafoodle-pantry:fruits:fresh-fruits
424,kiwi,108,fruits,kafoodle-pantry:fruits:fresh-fruits
425,medlars,108,fruits,kafoodle-pantry:fruits:fresh-fruits
426,branco-melons,108,fruits,kafoodle-pantry:fruits:fresh-fruits:melons:muskmelons
427,canary-melons,108,fruits,kafoodle-pantry:fruits:fresh-fruits:melons:muskmelons
428,charentais-melons,108,fruits,kafoodle-pantry:fruits:fresh-fruits:melons:muskmelons:cantaloupe-melons
429,galia-melons,108,fruits,kafoodle-pantry:fruits:fresh-fruits:melons:muskmelons
430,honeydew-melons,108,fruits,kafoodle-pantry:fruits:fresh-fruits:melons:muskmelons
431,piel-de-sapo-melons,108,fruits,kafoodle-pantry:fruits:fresh-fruits:melons:muskmelons
432,rochet-melons,108,fruits,kafoodle-pantry:fruits:fresh-fruits:melons:muskmelons
433,tendral-melons,108,fruits,kafoodle-pantry:fruits:fresh-fruits:melons:muskmelons
434,watermelon,108,fruits,kafoodle-pantry:fruits:fresh-fruits:melons
435,nectarines,108,fruits,kafoodle-pantry:fruits:fresh-fruits:peaches
436,platerines,108,fruits,kafoodle-pantry:fruits:fresh-fruits:peaches
437,pears,108,fruits,kafoodle-pantry:fruits:fresh-fruits
438,pitayas,108,fruits,kafoodle-pantry:fruits:fresh-fruits
439,plums,108,fruits,kafoodle-pantry:fruits:fresh-fruits
440,pomegranates,108,fruits,kafoodle-pantry:fruits:fresh-fruits
441,quinces,108,fruits,kafoodle-pantry:fruits:fresh-fruits
442,avocados,108,fruits,kafoodle-pantry:fruits:fresh-fruits:tropical-fruits
443,bananas,108,fruits,kafoodle-pantry:fruits:fresh-fruits:tropical-fruits
444,chirimuyas,108,fruits,kafoodle-pantry:fruits:fresh-fruits:tropical-fruits
445,coconuts,108,fruits,kafoodle-pantry:fruits:fresh-fruits:tropical-fruits
446,guavas,108,fruits,kafoodle-pantry:fruits:fresh-fruits:tropical-fruits
447,lychees,108,fruits,kafoodle-pantry:fruits:fresh-fruits:tropical-fruits
448,mangoes,108,fruits,kafoodle-pantry:fruits:fresh-fruits:tropical-fruits
449,papayas,108,fruits,kafoodle-pantry:fruits:fresh-fruits:tropical-fruits
450,passion-fruits,108,fruits,kafoodle-pantry:fruits:fresh-fruits:tropical-fruits
451,pineapple,108,fruits,kafoodle-pantry:fruits:fresh-fruits:tropical-fruits
452,frozen-blackberries,108,fruits,kafoodle-pantry:fruits:frozen-fruits:frozen-berries
453,frozen-blueberries,108,fruits,kafoodle-pantry:fruits:frozen-fruits:frozen-berries
454,frozen-mixed-berries,108,fruits,kafoodle-pantry:fruits:frozen-fruits:frozen-berries
455,frozen-raspberries,108,fruits,kafoodle-pantry:fruits:frozen-fruits:frozen-berries
456,frozen-redcurrants,108,fruits,kafoodle-pantry:fruits:frozen-fruits:frozen-berries
457,frozen-strawberries,108,fruits,kafoodle-pantry:fruits:frozen-fruits:frozen-berries
458,frozen-citrus,108,fruits,kafoodle-pantry:fruits:frozen-fruits
459,frozen-pomegranates,108,fruits,kafoodle-pantry:fruits:frozen-fruits
460,frozen-avocados,108,fruits,kafoodle-pantry:fruits:frozen-fruits:frozen-tropical-fruits
461,frozen-pineapples,108,fruits,kafoodle-pantry:fruits:frozen-fruits:frozen-tropical-fruits
462,apple-pastes,108,fruits,kafoodle-pantry:fruits:fruit-pastes
463,guava-pastes,108,fruits,kafoodle-pantry:fruits:fruit-pastes
464,multifruit-pastes,108,fruits,kafoodle-pantry:fruits:fruit-pastes
465,peach-pastes,108,fruits,kafoodle-pantry:fruits:fruit-pastes
466,plum-pastes,108,fruits,kafoodle-pantry:fruits:fruit-pastes
467,quince-cheeses,108,fruits,kafoodle-pantry:fruits:fruit-pastes
468,fresh-fruit-salad,108,fruits,kafoodle-pantry:fruits:fruit-salads
469,fruit-salads-in-syrup,108,fruits,kafoodle-pantry:fruits:fruit-salads
470,black-chopped-olives,108,fruits,kafoodle-pantry:fruits:olives:black-olives
471,black-pitted-olives,108,fruits,kafoodle-pantry:fruits:olives:black-olives
472,whole-black-olives,108,fruits,kafoodle-pantry:fruits:olives:black-olives
473,green-chopped-olives,108,fruits,kafoodle-pantry:fruits:olives:green-olives
474,green-olives-in-brine,108,fruits,kafoodle-pantry:fruits:olives:green-olives
475,green-pitted-olives,108,fruits,kafoodle-pantry:fruits:olives:green-olives
476,whole-green-olives,108,fruits,kafoodle-pantry:fruits:olives:green-olives
477,canned-broad-beans,109,grains-rice-pasta-noodles,kafoodle-pantry:grains-rice-pasta-noodles:canned-legumes
478,canned-chickpeas,109,grains-rice-pasta-noodles,kafoodle-pantry:grains-rice-pasta-noodles:canned-legumes
479,canned-flageolet-beans,109,grains-rice-pasta-noodles,kafoodle-pantry:grains-rice-pasta-noodles:canned-legumes:canned-common-beans
480,canned-kidney-common-beans,109,grains-rice-pasta-noodles,kafoodle-pantry:grains-rice-pasta-noodles:canned-legumes:canned-common-beans
481,canned-white-common-beans,109,grains-rice-pasta-noodles,kafoodle-pantry:grains-rice-pasta-noodles:canned-legumes:canned-common-beans
482,canned-flat-green-beans,109,grains-rice-pasta-noodles,kafoodle-pantry:grains-rice-pasta-noodles:canned-legumes:canned-green-beans
483,canned-green-pigeon-peas,109,grains-rice-pasta-noodles,kafoodle-pantry:grains-rice-pasta-noodles:canned-legumes
484,canned-lentils,109,grains-rice-pasta-noodles,kafoodle-pantry:grains-rice-pasta-noodles:canned-legumes
485,canned-peas,109,grains-rice-pasta-noodles,kafoodle-pantry:grains-rice-pasta-noodles:canned-legumes
486,canned-peas-and-carrots,109,grains-rice-pasta-noodles,kafoodle-pantry:grains-rice-pasta-noodles:canned-legumes
487,canned-scarlet-runner-beans,109,grains-rice-pasta-noodles,kafoodle-pantry:grains-rice-pasta-noodles:canned-legumes
488,frozen-chickpeas,109,grains-rice-pasta-noodles,kafoodle-pantry:grains-rice-pasta-noodles:frozen-legumes
489,frozen-common-beans,109,grains-rice-pasta-noodles,kafoodle-pantry:grains-rice-pasta-noodles:frozen-legumes
490,frozen-lima-beans,109,grains-rice-pasta-noodles,kafoodle-pantry:grains-rice-pasta-noodles:frozen-legumes
491,chickpeas-flour,109,grains-rice-pasta-noodles,kafoodle-pantry:grains-rice-pasta-noodles:legume-flours
492,fresh-broad-flour,109,grains-rice-pasta-noodles,kafoodle-pantry:grains-rice-pasta-noodles:legume-flours
493,green-bean-flour,109,grains-rice-pasta-noodles,kafoodle-pantry:grains-rice-pasta-noodles:legume-flours
494,lentil-flour,109,grains-rice-pasta-noodles,kafoodle-pantry:grains-rice-pasta-noodles:legume-flours
495,lupin-bean-flour,109,grains-rice-pasta-noodles,kafoodle-pantry:grains-rice-pasta-noodles:legume-flours
496,soybean-flour,109,grains-rice-pasta-noodles,kafoodle-pantry:grains-rice-pasta-noodles:legume-flours
497,sweetened-natural-soy-milks,109,grains-rice-pasta-noodles,kafoodle-pantry:grains-rice-pasta-noodles:legume-milks:soy-milks
498,unsweetened-natural-soy-milks,109,grains-rice-pasta-noodles,kafoodle-pantry:grains-rice-pasta-noodles:legume-milks:soy-milks
499,fresh-broad-green-beans,109,grains-rice-pasta-noodles,kafoodle-pantry:grains-rice-pasta-noodles:legumes
500,fresh-flat-green-beans,109,grains-rice-pasta-noodles,kafoodle-pantry:grains-rice-pasta-noodles:legumes
501,fresh-green-pigeon-peas,109,grains-rice-pasta-noodles,kafoodle-pantry:grains-rice-pasta-noodles:legumes
502,green-peas,109,grains-rice-pasta-noodles,kafoodle-pantry:grains-rice-pasta-noodles:legumes
503,alfalfa-seeds,109,grains-rice-pasta-noodles,kafoodle-pantry:grains-rice-pasta-noodles:legumes:legume-seeds
504,azuki-beans,109,grains-rice-pasta-noodles,kafoodle-pantry:grains-rice-pasta-noodles:legumes:pulses
505,bambara-groundnuts,109,grains-rice-pasta-noodles,kafoodle-pantry:grains-rice-pasta-noodles:legumes:pulses
506,black-eyed-peas,109,grains-rice-pasta-noodles,kafoodle-pantry:grains-rice-pasta-noodles:legumes:pulses
507,black-grams,109,grains-rice-pasta-noodles,kafoodle-pantry:grains-rice-pasta-noodles:legumes:pulses
508,butter-beans,109,grains-rice-pasta-noodles,kafoodle-pantry:grains-rice-pasta-noodles:legumes:pulses
509,chickpeas,109,grains-rice-pasta-noodles,kafoodle-pantry:grains-rice-pasta-noodles:legumes:pulses
510,black-beans,109,grains-rice-pasta-noodles,kafoodle-pantry:grains-rice-pasta-noodles:legumes:pulses:common-beans
511,canela-beans,109,grains-rice-pasta-noodles,kafoodle-pantry:grains-rice-pasta-noodles:legumes:pulses:common-beans
512,pinto-beans,109,grains-rice-pasta-noodles,kafoodle-pantry:grains-rice-pasta-noodles:legumes:pulses:common-beans
513,red-beans,109,grains-rice-pasta-noodles,kafoodle-pantry:grains-rice-pasta-noodles:legumes:pulses:common-beans
514,white-beans,109,grains-rice-pasta-noodles,kafoodle-pantry:grains-rice-pasta-noodles:legumes:pulses:common-beans
515,cowpeas,109,grains-rice-pasta-noodles,kafoodle-pantry:grains-rice-pasta-noodles:legumes:pulses
516,hyacinth-beans,109,grains-rice-pasta-noodles,kafoodle-pantry:grains-rice-pasta-noodles:legumes:pulses
517,black-lentils,109,grains-rice-pasta-noodles,kafoodle-pantry:grains-rice-pasta-noodles:legumes:pulses:lentils
518,blonde-lentils,109,grains-rice-pasta-noodles,kafoodle-pantry:grains-rice-pasta-noodles:legumes:pulses:lentils
519,brown-lentils,109,grains-rice-pasta-noodles,kafoodle-pantry:grains-rice-pasta-noodles:legumes:pulses:lentils
520,green-lentils,109,grains-rice-pasta-noodles,kafoodle-pantry:grains-rice-pasta-noodles:legumes:pulses:lentils
521,red-lentils,109,grains-rice-pasta-noodles,kafoodle-pantry:grains-rice-pasta-noodles:legumes:pulses:lentils
522,lupin-beans,109,grains-rice-pasta-noodles,kafoodle-pantry:grains-rice-pasta-noodles:legumes:pulses
523,mat-beans,109,grains-rice-pasta-noodles,kafoodle-pantry:grains-rice-pasta-noodles:legumes:pulses
524,mung-beans,109,grains-rice-pasta-noodles,kafoodle-pantry:grains-rice-pasta-noodles:legumes:pulses
525,peas,109,grains-rice-pasta-noodles,kafoodle-pantry:grains-rice-pasta-noodles:legumes:pulses
526,pigeon-peas,109,grains-rice-pasta-noodles,kafoodle-pantry:grains-rice-pasta-noodles:legumes:pulses
527,rice-beans,109,grains-rice-pasta-noodles,kafoodle-pantry:grains-rice-pasta-noodles:legumes:pulses
528,scarlet-runner-beans,109,grains-rice-pasta-noodles,kafoodle-pantry:grains-rice-pasta-noodles:legumes:pulses
529,sword-beans,109,grains-rice-pasta-noodles,kafoodle-pantry:grains-rice-pasta-noodles:legumes:pulses
530,tepary-beans,109,grains-rice-pasta-noodles,kafoodle-pantry:grains-rice-pasta-noodles:legumes:pulses
531,velvet-beans,109,grains-rice-pasta-noodles,kafoodle-pantry:grains-rice-pasta-noodles:legumes:pulses
532,winged-beans,109,grains-rice-pasta-noodles,kafoodle-pantry:grains-rice-pasta-noodles:legumes:pulses
533,soy,109,grains-rice-pasta-noodles,kafoodle-pantry:grains-rice-pasta-noodles:legumes
534,cocoa-butter,110,oils-vinegars,kafoodle-pantry:oils-vinegars:vegetable-fats
535,coconut-butter,110,oils-vinegars,kafoodle-pantry:oils-vinegars:vegetable-fats
536,light-margarines,110,oils-vinegars,kafoodle-pantry:oils-vinegars:vegetable-fats:margarines
537,liquid-margarines,110,oils-vinegars,kafoodle-pantry:oils-vinegars:vegetable-fats:margarines
538,salted-margarines,110,oils-vinegars,kafoodle-pantry:oils-vinegars:vegetable-fats:margarines
539,unsalted-margarines,110,oils-vinegars,kafoodle-pantry:oils-vinegars:vegetable-fats:margarines
540,shea-butter,110,oils-vinegars,kafoodle-pantry:oils-vinegars:vegetable-fats
541,argan-oils,110,oils-vinegars,kafoodle-pantry:oils-vinegars:vegetable-oils
542,borage-seed-oils,110,oils-vinegars,kafoodle-pantry:oils-vinegars:vegetable-oils
543,amaranth-oils,110,oils-vinegars,kafoodle-pantry:oils-vinegars:vegetable-oils:cereal-oils
544,corn-oils,110,oils-vinegars,kafoodle-pantry:oils-vinegars:vegetable-oils:cereal-oils
545,linseed-oils,110,oils-vinegars,kafoodle-pantry:oils-vinegars:vegetable-oils:cereal-oils
546,rice-bran-oils,110,oils-vinegars,kafoodle-pantry:oils-vinegars:vegetable-oils:cereal-oils
547,sesame-oils,110,oils-vinegars,kafoodle-pantry:oils-vinegars:vegetable-oils:cereal-oils
548,wheat-germ-oils,110,oils-vinegars,kafoodle-pantry:oils-vinegars:vegetable-oils:cereal-oils
549,cottonseed-oils,110,oils-vinegars,kafoodle-pantry:oils-vinegars:vegetable-oils
550,avocado-oils,110,oils-vinegars,kafoodle-pantry:oils-vinegars:vegetable-oils:fruit-and-fruit-seed-oils
551,refined-coco-oils,110,oils-vinegars,kafoodle-pantry:oils-vinegars:vegetable-oils:fruit-and-fruit-seed-oils:coconut-oils
552,virgin-coco-oils,110,oils-vinegars,kafoodle-pantry:oils-vinegars:vegetable-oils:fruit-and-fruit-seed-oils:coconut-oils
553,grape-seed-oils,110,oils-vinegars,kafoodle-pantry:oils-vinegars:vegetable-oils:fruit-and-fruit-seed-oils
554,watermelon-seed-oils,110,oils-vinegars,kafoodle-pantry:oils-vinegars:vegetable-oils:fruit-and-fruit-seed-oils
555,hemp-oils,110,oils-vinegars,kafoodle-pantry:oils-vinegars:vegetable-oils
556,soybean-oils,110,oils-vinegars,kafoodle-pantry:oils-vinegars:vegetable-oils:legume-oils
557,mustard-oils,110,oils-vinegars,kafoodle-pantry:oils-vinegars:vegetable-oils
558,almond-oils,110,oils-vinegars,kafoodle-pantry:oils-vinegars:vegetable-oils:nut-oils
559,hazelnut-oils,110,oils-vinegars,kafoodle-pantry:oils-vinegars:vegetable-oils:nut-oils
560,macadamia-oils,110,oils-vinegars,kafoodle-pantry:oils-vinegars:vegetable-oils:nut-oils
561,peanut-oils,110,oils-vinegars,kafoodle-pantry:oils-vinegars:vegetable-oils:nut-oils
562,pecan-oils,110,oils-vinegars,kafoodle-pantry:oils-vinegars:vegetable-oils:nut-oils
563,pine-nut-oils,110,oils-vinegars,kafoodle-pantry:oils-vinegars:vegetable-oils:nut-oils
564,pistachio-oils,110,oils-vinegars,kafoodle-pantry:oils-vinegars:vegetable-oils:nut-oils
565,walnut-oils,110,oils-vinegars,kafoodle-pantry:oils-vinegars:vegetable-oils:nut-oils
566,refined-olive-oils,110,oils-vinegars,kafoodle-pantry:oils-vinegars:vegetable-oils:olive-oils
567,virgin-olive-oils,110,oils-vinegars,kafoodle-pantry:oils-vinegars:vegetable-oils:olive-oils
568,palm-oils,110,oils-vinegars,kafoodle-pantry:oils-vinegars:vegetable-oils
569,poppyseed-oils,110,oils-vinegars,kafoodle-pantry:oils-vinegars:vegetable-oils
570,pumpkin-seed-oils,110,oils-vinegars,kafoodle-pantry:oils-vinegars:vegetable-oils
571,rapeseed-oils,110,oils-vinegars,kafoodle-pantry:oils-vinegars:vegetable-oils
572,safflower-oils,110,oils-vinegars,kafoodle-pantry:oils-vinegars:vegetable-oils
573,nonrefined-sunflower-oils,110,oils-vinegars,kafoodle-pantry:oils-vinegars:vegetable-oils:sunflower-oils
574,refined-deodorized-sunflower-oils,110,oils-vinegars,kafoodle-pantry:oils-vinegars:vegetable-oils:sunflower-oils
575,tea-seed-oils,110,oils-vinegars,kafoodle-pantry:oils-vinegars:vegetable-oils
576,canned-champignon-mushrooms,113,fungi,kafoodle-pantry:fungi:canned-mushrooms
577,canned-chanterelles,113,fungi,kafoodle-pantry:fungi:canned-mushrooms
578,canned-hygrophorus-latitabundus,113,fungi,kafoodle-pantry:fungi:canned-mushrooms
579,canned-king-trumpet-mushrooms,113,fungi,kafoodle-pantry:fungi:canned-mushrooms
580,canned-nameko-mushrooms,113,fungi,kafoodle-pantry:fungi:canned-mushrooms
581,canned-oyster-mushrooms,113,fungi,kafoodle-pantry:fungi:canned-mushrooms
582,canned-paddy-straw-mushrooms,113,fungi,kafoodle-pantry:fungi:canned-mushrooms
583,canned-porcini-mushrooms,113,fungi,kafoodle-pantry:fungi:canned-mushrooms
584,canned-red-pine-mushrooms,113,fungi,kafoodle-pantry:fungi:canned-mushrooms
585,canned-shiitake-mushrooms,113,fungi,kafoodle-pantry:fungi:canned-mushrooms
586,canned-truffles,113,fungi,kafoodle-pantry:fungi:canned-mushrooms
587,dried-horn-of-plenty-mushrooms,113,fungi,kafoodle-pantry:fungi:dried-mushrooms
588,dried-jew-s-ear-mushrooms,113,fungi,kafoodle-pantry:fungi:dried-mushrooms
589,dried-oyster-mushrooms,113,fungi,kafoodle-pantry:fungi:dried-mushrooms
590,dried-porcini-mushrooms,113,fungi,kafoodle-pantry:fungi:dried-mushrooms
591,dried-scotch-bonnet-mushrooms,113,fungi,kafoodle-pantry:fungi:dried-mushrooms
592,dried-shiitake-mushrooms,113,fungi,kafoodle-pantry:fungi:dried-mushrooms
593,bloody-milk-caps,113,fungi,kafoodle-pantry:fungi:fresh-mushrooms
594,champignon-mushrooms,113,fungi,kafoodle-pantry:fungi:fresh-mushrooms
595,chanterelles,113,fungi,kafoodle-pantry:fungi:fresh-mushrooms
596,horn-of-plenty-mushrooms,113,fungi,kafoodle-pantry:fungi:fresh-mushrooms
597,hygrophorus-latitabundus,113,fungi,kafoodle-pantry:fungi:fresh-mushrooms
598,jew-s-ear-mushrooms,113,fungi,kafoodle-pantry:fungi:fresh-mushrooms
599,king-trumpet-mushrooms,113,fungi,kafoodle-pantry:fungi:fresh-mushrooms
600,mixed-mushrooms,113,fungi,kafoodle-pantry:fungi:fresh-mushrooms
601,morel,113,fungi,kafoodle-pantry:fungi:fresh-mushrooms
602,nameko-mushrooms,113,fungi,kafoodle-pantry:fungi:fresh-mushrooms
603,oyster-mushrooms,113,fungi,kafoodle-pantry:fungi:fresh-mushrooms
604,paddy-straw-mushrooms,113,fungi,kafoodle-pantry:fungi:fresh-mushrooms
605,porcini-mushrooms,113,fungi,kafoodle-pantry:fungi:fresh-mushrooms
606,red-pine-mushrooms,113,fungi,kafoodle-pantry:fungi:fresh-mushrooms
607,scotch-bonnet-mushrooms,113,fungi,kafoodle-pantry:fungi:fresh-mushrooms
608,shiitake-mushrooms,113,fungi,kafoodle-pantry:fungi:fresh-mushrooms
609,bagnoli-truffles,113,fungi,kafoodle-pantry:fungi:fresh-mushrooms:truffles
610,black-truffles,113,fungi,kafoodle-pantry:fungi:fresh-mushrooms:truffles
611,burgundy-truffles,113,fungi,kafoodle-pantry:fungi:fresh-mushrooms:truffles
612,chinese-black-truffles,113,fungi,kafoodle-pantry:fungi:fresh-mushrooms:truffles
613,summer-truffles,113,fungi,kafoodle-pantry:fungi:fresh-mushrooms:truffles
614,white-truffles,113,fungi,kafoodle-pantry:fungi:fresh-mushrooms:truffles
615,whitish-truffles,113,fungi,kafoodle-pantry:fungi:fresh-mushrooms:truffles
616,winter-truffles,113,fungi,kafoodle-pantry:fungi:fresh-mushrooms:truffles
617,frozen-champignon-mushrooms,113,fungi,kafoodle-pantry:fungi:frozen-mushrooms
618,frozen-chanterelle-mushrooms,113,fungi,kafoodle-pantry:fungi:frozen-mushrooms
619,frozen-oyster-mushrooms,113,fungi,kafoodle-pantry:fungi:frozen-mushrooms
620,frozen-porcini-mushrooms,113,fungi,kafoodle-pantry:fungi:frozen-mushrooms
621,braised-hams,144,deli,kafoodle-pantry:deli:hams
622,diced-ham,144,deli,kafoodle-pantry:deli:hams
623,serrano-hams,144,deli,kafoodle-pantry:deli:hams
624,white-hams,144,deli,kafoodle-pantry:deli:hams
625,pike-rillettes,144,deli,kafoodle-pantry:deli:rillettes:fish-rillettes
626,tuna-rillettes,144,deli,kafoodle-pantry:deli:rillettes:fish-rillettes
627,alsatian-liver-sausages,144,deli,kafoodle-pantry:deli:sausages:french-sausages
628,liver-sausages-from-ariege,144,deli,kafoodle-pantry:deli:sausages:french-sausages
629,lorrain-sausages,144,deli,kafoodle-pantry:deli:sausages:french-sausages
630,lyon-sausage,144,deli,kafoodle-pantry:deli:sausages:french-sausages
631,molene-sausage,144,deli,kafoodle-pantry:deli:sausages:french-sausages
632,montbeliard-sausages,144,deli,kafoodle-pantry:deli:sausages:french-sausages
633,morteau-sausages,144,deli,kafoodle-pantry:deli:sausages:french-sausages
634,toulouse-sausages,144,deli,kafoodle-pantry:deli:sausages:french-sausages
635,thuringian-sausages,144,deli,kafoodle-pantry:deli:sausages:german-sausages
636,pickled-sausages,144,deli,kafoodle-pantry:deli:sausages
637,chicken-sausages,144,deli,kafoodle-pantry:deli:sausages:poultry-sausages
638,turkey-sausages,144,deli,kafoodle-pantry:deli:sausages:poultry-sausages
639,smoked-sausages,144,deli,kafoodle-pantry:deli:sausages
640,bison-terrines,144,deli,kafoodle-pantry:deli:terrines
641,blood-sausage-terrines,144,deli,kafoodle-pantry:deli:terrines
642,boar-terrines,144,deli,kafoodle-pantry:deli:terrines
643,chicken-terrines,144,deli,kafoodle-pantry:deli:terrines
644,country-terrines,144,deli,kafoodle-pantry:deli:terrines
645,duck-terrines,144,deli,kafoodle-pantry:deli:terrines
646,pheasant-terrines,144,deli,kafoodle-pantry:deli:terrines
647,rabbit-terrines,144,deli,kafoodle-pantry:deli:terrines
648,salmon-terrines,144,deli,kafoodle-pantry:deli:terrines
649,trout-terrines,144,deli,kafoodle-pantry:deli:terrines
650,basil,148,herbs-spices,kafoodle-pantry:herbs-spices:fresh-herbs
651,bay,148,herbs-spices,kafoodle-pantry:herbs-spices:fresh-herbs
652,chives,148,herbs-spices,kafoodle-pantry:herbs-spices:fresh-herbs
653,coriander-leaves,148,herbs-spices,kafoodle-pantry:herbs-spices:fresh-herbs
654,dill,148,herbs-spices,kafoodle-pantry:herbs-spices:fresh-herbs
655,fennel-leaves,148,herbs-spices,kafoodle-pantry:herbs-spices:fresh-herbs
656,fenugreek-leaves,148,herbs-spices,kafoodle-pantry:herbs-spices:fresh-herbs
657,garden-chervil-leaves,148,herbs-spices,kafoodle-pantry:herbs-spices:fresh-herbs
658,hyssop,148,herbs-spices,kafoodle-pantry:herbs-spices:fresh-herbs
659,lemon-grass,148,herbs-spices,kafoodle-pantry:herbs-spices:fresh-herbs
660,lemon-verbena,148,herbs-spices,kafoodle-pantry:herbs-spices:fresh-herbs
661,marjoram,148,herbs-spices,kafoodle-pantry:herbs-spices:fresh-herbs
662,mint,148,herbs-spices,kafoodle-pantry:herbs-spices:fresh-herbs
663,oregano,148,herbs-spices,kafoodle-pantry:herbs-spices:fresh-herbs
664,parsley,148,herbs-spices,kafoodle-pantry:herbs-spices:fresh-herbs
665,rosemary,148,herbs-spices,kafoodle-pantry:herbs-spices:fresh-herbs
666,tarragon,148,herbs-spices,kafoodle-pantry:herbs-spices:fresh-herbs
667,thyme,148,herbs-spices,kafoodle-pantry:herbs-spices:fresh-herbs
668,frozen-basil,148,herbs-spices,kafoodle-pantry:herbs-spices:frozen-herbs
669,frozen-chives,148,herbs-spices,kafoodle-pantry:herbs-spices:frozen-herbs
670,frozen-dill,148,herbs-spices,kafoodle-pantry:herbs-spices:frozen-herbs
671,frozen-mint,148,herbs-spices,kafoodle-pantry:herbs-spices:frozen-herbs
672,frozen-parsley,148,herbs-spices,kafoodle-pantry:herbs-spices:frozen-herbs
673,ground-dried-basil,148,herbs-spices,kafoodle-pantry:herbs-spices:ground-herbs
674,ground-dried-bay,148,herbs-spices,kafoodle-pantry:herbs-spices:ground-herbs
675,ground-dried-chives,148,herbs-spices,kafoodle-pantry:herbs-spices:ground-herbs
676,ground-dried-coriander-leaves,148,herbs-spices,kafoodle-pantry:herbs-spices:ground-herbs
677,ground-dried-dill,148,herbs-spices,kafoodle-pantry:herbs-spices:ground-herbs
678,ground-dried-fenugreek-leaves,148,herbs-spices,kafoodle-pantry:herbs-spices:ground-herbs
679,ground-dried-lemon-verbena,148,herbs-spices,kafoodle-pantry:herbs-spices:ground-herbs
680,ground-dried-mint,148,herbs-spices,kafoodle-pantry:herbs-spices:ground-herbs
681,ground-dried-oregano,148,herbs-spices,kafoodle-pantry:herbs-spices:ground-herbs
682,ground-dried-parsley,148,herbs-spices,kafoodle-pantry:herbs-spices:ground-herbs
683,ground-dried-rosemary,148,herbs-spices,kafoodle-pantry:herbs-spices:ground-herbs
684,ground-dried-sage,148,herbs-spices,kafoodle-pantry:herbs-spices:ground-herbs
685,ground-dried-tarragon,148,herbs-spices,kafoodle-pantry:herbs-spices:ground-herbs
686,ground-dried-thyme,148,herbs-spices,kafoodle-pantry:herbs-spices:ground-herbs
687,anise,148,herbs-spices,kafoodle-pantry:herbs-spices:spices
688,cardamom,148,herbs-spices,kafoodle-pantry:herbs-spices:spices
689,cinnamon-powder,148,herbs-spices,kafoodle-pantry:herbs-spices:spices:cinnamon
690,cinnamon-sticks,148,herbs-spices,kafoodle-pantry:herbs-spices:spices:cinnamon
691,ground-cloves,148,herbs-spices,kafoodle-pantry:herbs-spices:spices:cloves
692,whole-cloves,148,herbs-spices,kafoodle-pantry:herbs-spices:spices:cloves
693,coriander-seeds,148,herbs-spices,kafoodle-pantry:herbs-spices:spices
694,ground-cumin-seeds,148,herbs-spices,kafoodle-pantry:herbs-spices:spices:cumin
695,whole-cumin-seeds,148,herbs-spices,kafoodle-pantry:herbs-spices:spices:cumin
696,garden-chervil-seeds,148,herbs-spices,kafoodle-pantry:herbs-spices:spices
697,fresh-ginger,148,herbs-spices,kafoodle-pantry:herbs-spices:spices:ginger
698,gari,148,herbs-spices,kafoodle-pantry:herbs-spices:spices:ginger
699,ginger-powder,148,herbs-spices,kafoodle-pantry:herbs-spices:spices:ginger
700,mace,148,herbs-spices,kafoodle-pantry:herbs-spices:spices
701,nutmeg,148,herbs-spices,kafoodle-pantry:herbs-spices:spices
702,paprika,148,herbs-spices,kafoodle-pantry:herbs-spices:spices
703,cayenne-peppers,148,herbs-spices,kafoodle-pantry:herbs-spices:spices:peppers
704,gray-peppers,148,herbs-spices,kafoodle-pantry:herbs-spices:spices:peppers
705,black-peppercorns,148,herbs-spices,kafoodle-pantry:herbs-spices:spices:peppers
706,green-peppercorns,148,herbs-spices,kafoodle-pantry:herbs-spices:spices:peppers
707,white-peppercorns,148,herbs-spices,kafoodle-pantry:herbs-spices:spices:peppers
708,pink-peppers,148,herbs-spices,kafoodle-pantry:herbs-spices:spices:peppers
709,powdered-saffron,148,herbs-spices,kafoodle-pantry:herbs-spices:spices:saffron
710,saffron-threads,148,herbs-spices,kafoodle-pantry:herbs-spices:spices:saffron
711,star-anise,148,herbs-spices,kafoodle-pantry:herbs-spices:spices
712,turmeric-powder,148,herbs-spices,kafoodle-pantry:herbs-spices:spices:turmeric
713,fresh-turmeric,148,herbs-spices,kafoodle-pantry:herbs-spices:spices:turmeric
714,vanilla-extract,148,herbs-spices,kafoodle-pantry:herbs-spices:spices:vanilla
715,vanilla-pods,148,herbs-spices,kafoodle-pantry:herbs-spices:spices:vanilla
716,vanilla-powder,148,herbs-spices,kafoodle-pantry:herbs-spices:spices:vanilla
1433,dry-egg-pastas,109,grains-rice-pasta-noodles,kafoodle-pantry:grains-rice-pasta-noodles:pastas:dry-pasta
1434,dry-gluten-free-pastas,109,grains-rice-pasta-noodles,kafoodle-pantry:grains-rice-pasta-noodles:pastas:dry-pasta
1435,linguine,109,grains-rice-pasta-noodles,kafoodle-pantry:grains-rice-pasta-noodles:pastas:dry-pasta
1436,orecchiette,109,grains-rice-pasta-noodles,kafoodle-pantry:grains-rice-pasta-noodles:pastas:dry-pasta
1437,spaghetti,109,grains-rice-pasta-noodles,kafoodle-pantry:grains-rice-pasta-noodles:pastas:dry-pasta
1438,fettuccine,109,grains-rice-pasta-noodles,kafoodle-pantry:grains-rice-pasta-noodles:pastas:dry-pasta
1439,pappardelle,109,grains-rice-pasta-noodles,kafoodle-pantry:grains-rice-pasta-noodles:pastas:dry-pasta
1440,casarecce,109,grains-rice-pasta-noodles,kafoodle-pantry:grains-rice-pasta-noodles:pastas:dry-pasta
1441,penne,109,grains-rice-pasta-noodles,kafoodle-pantry:grains-rice-pasta-noodles:pastas:dry-pasta
1442,fusilli,109,grains-rice-pasta-noodles,kafoodle-pantry:grains-rice-pasta-noodles:pastas:dry-pasta
1443,bucatini,109,grains-rice-pasta-noodles,kafoodle-pantry:grains-rice-pasta-noodles:pastas:dry-pasta
1444,conchiglie,109,grains-rice-pasta-noodles,kafoodle-pantry:grains-rice-pasta-noodles:pastas:dry-pasta
1445,farfalle,109,grains-rice-pasta-noodles,kafoodle-pantry:grains-rice-pasta-noodles:pastas:dry-pasta
1446,fideo,109,grains-rice-pasta-noodles,kafoodle-pantry:grains-rice-pasta-noodles:pastas:dry-pasta
1447,orzo,109,grains-rice-pasta-noodles,kafoodle-pantry:grains-rice-pasta-noodles:pastas:dry-pasta
1448,rigatoni,109,grains-rice-pasta-noodles,kafoodle-pantry:grains-rice-pasta-noodles:pastas:dry-pasta
1449,tagliatelle,109,grains-rice-pasta-noodles,kafoodle-pantry:grains-rice-pasta-noodles:pastas:dry-pasta
1450,egg-noodles,109,grains-rice-pasta-noodles,kafoodle-pantry:grains-rice-pasta-noodles:noodles
1451,udon,109,grains-rice-pasta-noodles,kafoodle-pantry:grains-rice-pasta-noodles:noodles
1452,soba,109,grains-rice-pasta-noodles,kafoodle-pantry:grains-rice-pasta-noodles:noodles
1453,ramen,109,grains-rice-pasta-noodles,kafoodle-pantry:grains-rice-pasta-noodles:noodles
1454,yakisoba,109,grains-rice-pasta-noodles,kafoodle-pantry:grains-rice-pasta-noodles:noodles
1455,arborio-rice,109,grains-rice-pasta-noodles,kafoodle-pantry:grains-rice-pasta-noodles:rices
1456,basmati-rice,109,grains-rice-pasta-noodles,kafoodle-pantry:grains-rice-pasta-noodles:rices
1457,black-rice,109,grains-rice-pasta-noodles,kafoodle-pantry:grains-rice-pasta-noodles:rices
1458,bomba-rice,109,grains-rice-pasta-noodles,kafoodle-pantry:grains-rice-pasta-noodles:rices
1459,brown-rice,109,grains-rice-pasta-noodles,kafoodle-pantry:grains-rice-pasta-noodles:rices
1460,jasmine-rice,109,grains-rice-pasta-noodles,kafoodle-pantry:grains-rice-pasta-noodles:rices
1461,long-grain-white-rice,109,grains-rice-pasta-noodles,kafoodle-pantry:grains-rice-pasta-noodles:rices
1462,sticky-rice,109,grains-rice-pasta-noodles,kafoodle-pantry:grains-rice-pasta-noodles:rices
1463,sushi-rice,109,grains-rice-pasta-noodles,kafoodle-pantry:grains-rice-pasta-noodles:rices
1495,haddock,101,fish-seafood,kafoodle-pantry:fish-seafood:fishes
1496,yukon-gold-potatoes,103,vegetables,kafoodle-pantry:vegetables:fresh-potatoes
1497,maris-piper-potatoes,103,vegetables,kafoodle-pantry:vegetables:fresh-potatoes
1498,king-edward-potatoes,103,vegetables,kafoodle-pantry:vegetables:fresh-potatoes
1499,russet-potatoes,103,vegetables,kafoodle-pantry:vegetables:fresh-potatoes
1500,jersey-potatoes,103,vegetables,kafoodle-pantry:vegetables:fresh-potatoes
1501,cara-potatoes,103,vegetables,kafoodle-pantry:vegetables:fresh-potatoes
1502,beet,103,vegetables,kafoodle-pantry:vegetables:fresh-vegetables
1503,unsalted-butter,107,dairy-eggs,kafoodle-pantry:dairy-eggs:butters
1504,salted-butter,107,dairy-eggs,kafoodle-pantry:dairy-eggs:butters
1505,leaf-lettuces,103,vegetables,kafoodle-pantry:vegetables:fresh-leaf-vegetables:lettuces
1506,romaine-lettuces,103,vegetables,kafoodle-pantry:vegetables:fresh-leaf-vegetables:lettuces
1507,iceberg-lettuces,103,vegetables,kafoodle-pantry:vegetables:fresh-leaf-vegetables:lettuces
1508,boston-lettuces,103,vegetables,kafoodle-pantry:vegetables:fresh-leaf-vegetables:lettuces
1509,bibb-lettuces,103,vegetables,kafoodle-pantry:vegetables:fresh-leaf-vegetables:lettuces
1510,pork-loin,102,meat-poultry,kafoodle-pantry:meat-poultry:pork
1511,pork-shoulder,102,meat-poultry,kafoodle-pantry:meat-poultry:pork
1512,pork-leg,102,meat-poultry,kafoodle-pantry:meat-poultry:pork
1513,sage,148,herbs-spices,kafoodle-pantry:herbs-spices:fresh-herbs
1514,kale,103,vegetables,kafoodle-pantry:vegetables:fresh-leaf-vegetables
1515,oak-leaf-lettuces,103,vegetables,kafoodle-pantry:vegetables:fresh-leaf-vegetables:lettuces
1516,radicchio,103,vegetables,kafoodle-pantry:vegetables:fresh-leaf-vegetables
1517,whipping-cream,107,dairy-eggs,kafoodle-pantry:dairy-eggs:creams
1518,chestnut-mushrooms,113,fungi,kafoodle-pantry:fungi:fresh-mushrooms
